EventID,UserID,RegisDate
1,4,2025-01-22T10:15:00Z
1,7,2025-01-22T12:30:00Z
2,2,2025-01-23T09:00:00Z
3,5,2025-01-24T14:45:00Z
3,9,2025-01-24T18:25:00Z
3,6,2025-01-24T20:10:00Z
4,1,2025-01-25T08:10:00Z
5,3,2025-01-26T11:40:00Z
5,9,2025-01-26T14:50:00Z
6,6,2025-01-27T10:30:00Z
7,2,2025-01-28T14:30:00Z
7,4,2025-01-28T17:20:00Z
7,8,2025-01-28T19:45:00Z
8,1,2025-01-29T08:15:00Z
9,3,2025-01-30T13:35:00Z
10,2,2025-01-31T14:10:00Z
10,5,2025-01-31T16:55:00Z
10,9,2025-01-31T20:00:00Z
11,7,2025-02-01T18:25:00Z
13,6,2025-02-02T09:10:00Z
14,4,2025-02-03T10:15:00Z
15,1,2025-02-04T14:25:00Z
15,8,2025-02-04T20:30:00Z
15,9,2025-02-04T21:50:00Z
16,2,2025-02-05T08:05:00Z
16,10,2025-02-05T11:30:00Z
17,3,2025-02-06T12:20:00Z
18,6,2025-02-07T17:45:00Z
19,5,2025-02-08T09:40:00Z
19,9,2025-02-08T15:25:00Z
20,7,2025-02-09T13:15:00Z
20,2,2025-02-09T18:20:00Z
21,4,2025-02-10T07:25:00Z
23,3,2025-02-11T14:35:00Z
23,8,2025-02-11T17:50:00Z
23,10,2025-02-11T20:15:00Z
25,1,2025-02-12T16:05:00Z
25,9,2025-02-12T19:55:00Z
26,5,2025-02-13T08:50:00Z
28,7,2025-02-14T14:45:00Z
28,6,2025-02-14T16:55:00Z
28,2,2025-02-14T20:25:00Z
29,3,2025-02-15T09:35:00Z
29,8,2025-02-15T15:50:00Z
